/*
SQLyog Ultimate v12.09 (64 bit)
MySQL - 5.7.14-log : Database - forum
*********************************************************************
*/

/*!40101 SET NAMES utf8 */;

/*!40101 SET SQL_MODE=''*/;

/*!40014 SET @OLD_UNIQUE_CHECKS=@@UNIQUE_CHECKS, UNIQUE_CHECKS=0 */;
/*!40014 SET @OLD_FOREIGN_KEY_CHECKS=@@FOREIGN_KEY_CHECKS, FOREIGN_KEY_CHECKS=0 */;
/*!40101 SET @OLD_SQL_MODE=@@SQL_MODE, SQL_MODE='NO_AUTO_VALUE_ON_ZERO' */;
/*!40111 SET @OLD_SQL_NOTES=@@SQL_NOTES, SQL_NOTES=0 */;
CREATE DATABASE /*!32312 IF NOT EXISTS*/`forum` /*!40100 DEFAULT CHARACTER SET utf8 */;

USE `forum`;

/*Table structure for table `comment` */

DROP TABLE IF EXISTS `comment`;

CREATE TABLE `comment` (
  `cid` int(11) NOT NULL AUTO_INCREMENT COMMENT '评论id',
  `pid` int(11) NOT NULL COMMENT '帖子id',
  `cfloor` int(11) NOT NULL COMMENT '楼层',
  `uid` int(11) NOT NULL COMMENT '用户id',
  `ccontent` text COMMENT '内容',
  `ctime` text NOT NULL,
  PRIMARY KEY (`cid`)
) ENGINE=InnoDB AUTO_INCREMENT=56 DEFAULT CHARSET=utf8;

/*Data for the table `comment` */

insert  into `comment`(`cid`,`pid`,`cfloor`,`uid`,`ccontent`,`ctime`) values (1,1,1,1,'你知道吗，面对倒在身边的人，如果在4分钟内进行心肺复苏，约有一半人能被救活！心肺复苏术是公认的救命第一要术，它挽救的不仅是生命，更是许多家庭的希望！今天，世界红十字日，4步教你学会心肺复苏术↓↓ ','2015-8-8 19:20'),(2,1,2,1,'厉害','2016-9-9 19:21'),(3,2,1,1,'①父母在，不远游？下一句是“游必有方”。②吾生也有涯，而知也无涯？下一句是“以有涯随无涯，殆已”。③老来多健忘？下一句是“唯不忘相思”……虽然我们一直“误读”，但还是有必要了解它们的本意，以免使用时贻笑大方。来，一起涨姿势↓↓ via@央视新闻 ','2017-10-10 12:20'),(4,2,2,1,'牛逼','2016-9-9 12:22'),(5,3,1,1,'后来的我们\r\n什么都有了\r\n却没有了我们后来的我们\r\n什么都有了\r\n却没有了我们后来的我们\r\n什么都有了\r\n其实一次旅行并不需要太久，也没有你想象中的那么重要。你缺少的只有一颗说走就走的心而已。\r\n准备好去旅行了么？\r\n小编已经备好旅程等你了！\r\n后来的溪口\r\n所到之处皆是回忆\r\n\r\n\r\n后来的剡溪\r\n1000多年前李白曾用“湖月照我影，送我至剡溪”赞美\r\n没有急湍猛浪，没有暗礁漩涡\r\n从青翠的山间穿过\r\n画山绣水、钟灵毓秀\r\n\r\n[url=]收藏[/url]\r\n\r\n\r\n\r\n后来的蒋氏故居\r\n三里长街，千年古镇\r\n斑驳的砖瓦，楼轩相接，廊庑回环\r\n剥落出蒋家王朝的清晰脉络\r\n时光仿佛穿越百年时空\r\n黄包车、小洋房……民国风情熠熠而动','2016-9-9 10:35'),(6,3,2,1,'呜呜呜','2018-10-10 10:36'),(7,4,1,1,'天冷就喜欢热腾腾的锅仔菜，一家人吃得暖融融的样子别提有多幸福了~蛤蜊牛肉滑蛋煲，鲜香麻辣集大成者，一个字形容口感：爽！ ','2016-10-10 8:40'),(8,4,2,1,'想吃','2017-11-11 8:43'),(9,5,1,1,'童年时期最美好的记忆应该就是来自玻璃瓶装的黄桃罐头、橘子罐头、荔枝罐头等自由在生病时才能尝到的美味了。洪小果黄桃罐头小编也记的自己小时候手捧黄桃罐头拧开瓶盖的那一刹那，感觉整个人幸福的都要飞起来了。','2018-11-12 9:14'),(10,6,1,1,'企股票跌破净资产算不算国有资产流失？（转自19楼）\r\n\r\n　　在市场存量资金有减无增的情况下，随着近年来大规模发行新股的同时，破净A股数量也在不断“扩容”。同花顺iFinD数据统计显示，截至5月9日A股市场破净股数量已达74只。其中，银行和房地产行业等央企、国企为“重灾区”，而这些破净个股年内平均跌幅10.96%，远大于同期的大市。\r\n\r\n　　破净股平均股价打“九折”\r\n企股票跌破净资产算不算国有资产流失？（转自19楼）\r\n\r\n　　在市场存量资金有减无增的情况下，随着近年来大规模发行新股的同时，破净A股数量也在不断“扩容”。同花顺iFinD数据统计显示，截至5月9日A股市场破净股数量已达74只。其中，银行和房地产行业等央企、国企为“重灾区”，而这些破净个股年内平均跌幅10.96%，远大于同期的大市。\r\n\r\n　　破净股平均股价打“九折”\r\n国企股票跌破净资产算不算国有资产流失？（转自19楼）\r\n\r\n　　在市场存量资金有减无增的情况下，随着近年来大规模发行新股的同时，破净A股数量也在不断“扩容”。同花顺iFinD数据统计显示，截至5月9日A股市场破净股数量已达74只。其中，银行和房地产行业等央企、国企为“重灾区”，而这些破净个股年内平均跌幅10.96%，远大于同期的大市。\r\n国企股票跌破净资产算不算国有资产流失？（转自19楼）\r\n\r\n　　在市场存量资金有减无增的情况下，随着近年来大规模发行新股的同时，破净A股数量也在不断“扩容”。同花顺iFinD数据统计显示，截至5月9日A股市场破净股数量已达74只。其中，银行和房地产行业等央企、国企为“重灾区”，而这些破净个股年内平均跌幅10.96%，远大于同期的大市。\r\n破净A股中，华夏银行、中远海能、赣粤高速、中煤能源、信达地产、河钢股份、交通银行、民生银行、悦达投资和光大银行这10只股票，目前都在以相当于净资产不到八折的价格来甩卖。这当中，华夏银行破净比例最大，数据显示，公司最新收盘价仅8.44元，但其每股净资产高达11.875元，按此计算公司的市净率仅0.71倍。次之的是中远海能，公司的市净率为0.72倍。排第三的的是市净率为0.74倍的赣粤高速。此外，郴电国际、福星股份、中国银行、华映科技、福田汽车、东方集团、兴业银行、首钢股份、豫能控股、四川成渝、世茂股份等10只股票的市净率也低至不到0.85倍。\r\n\r\n    破净股“流失”的资产远大于近年来发新股圈钱的总量','2017-10-10 9:04'),(11,7,1,1,'证监会日前公布的行政处罚决定书显示，廖英强利用其知名证券节目主持人的影响力，在其微博、博客上公开评价、推荐股票，在推荐前使用其控制的账户组买入相关股票，并在荐股后的下午或次日集中卖出。决定对廖英强没收违法所得43104773.84元，并处86209547.68元罚款','2015-8-8 9:16'),(12,8,1,1,'微信里写的很多文章都不错   可惜很多人不知道的\r\n微信里写的很多文章都不错   可惜很多人不知道的\r\n微信里写的很多文章都不错   可惜很多人不知道的微信里很多文章写得都不错','2014-10-10 7:14'),(13,9,1,1,'临流可奈清癯, 第四桥边, 呼焯过环碧。\r\n此意平生飞动，海棠花下，吹笛到天明。\r\n——梁启超集宋人词句赠徐志摩联\r\n           《逝水人生——徐志摩传》读后感','2015-11-11 19:14'),(14,11,1,1,'<h2>\n	<span>测试</span><span>测试</span><span>测试</span><span>测试</span><span>测试</span><span>测试</span><span>测试</span><span>测试</span><span>测试</span><img src=\"http://localhost:8080/js/plugins/emoticons/images/14.gif\" border=\"0\" alt=\"\" />\n</h2>','2018-05-25 10:13:54'),(15,12,1,1,'<span>我测</span><span>我测</span><span>我测</span><span>我测</span><span>我测</span><span>我测</span><span>我测</span>','2018-05-25 10:20:35'),(16,13,1,1,'<p>\n	近日，著名的游戏发行商育碧在Steam商城开启了《刺客信条》系列的游戏特惠，其中《刺客信条：起源》降价40%历史最低价促销，其它游戏均与史低持平，有兴趣的朋友不要错过哦！\n</p>\n<p>\n	<a href=\"http://www.gamersky.com/showimage/id_gamersky.shtml?http://img1.gamersky.com/image2018/05/20180525_zy_71_1/gamersky_01origin_01_2018525102C33.jpg\" target=\"_blank\"><img class=\"lazy\" title=\"《刺客信条》系列Steam特惠：起源降价40%跌破史低\" src=\"https://img.ithome.com/newsuploadfiles/2018/5/20180525120910_3427.jpg\" width=\"550\" height=\"258\" /></a>\n</p>\n<p>\n	《刺客信条》系列游戏特惠Steam商城促销地址：<a class=\"n1\" href=\"http://store.steampowered.com/sale/ac/\" target=\"_blank\">点击进入</a>\n</p>\n<p>\n	<strong>促销内容（一）：</strong>\n</p>\n<p>\n	<strong>《刺客信条》合集包降价68%促销：</strong>\n</p>\n<p>\n	<a href=\"http://www.gamersky.com/showimage/id_gamersky.shtml?http://img1.gamersky.com/image2018/05/20180525_zy_71_1/gamersky_02origin_03_201852510223D.jpg\" target=\"_blank\"><img class=\"lazy\" title=\"《刺客信条》系列Steam特惠：起源降价40%跌破史低\" src=\"https://img.ithome.com/newsuploadfiles/2018/5/20180525120910_8914.jpg\" width=\"550\" height=\"306\" /></a>\n</p>\n<p>\n	该合集包含《刺客信条：黑旗》、《刺客信条：大革命》、《刺客信条：叛变》以及《刺客信条：枭雄》4部该系列游戏作品的本体。\n</p>\n<p>\n	《刺客信条》合集包Steam商城促销地址：<a class=\"n1\" href=\"http://store.steampowered.com/bundle/757/Assassins_Creed_Bundle/\" target=\"_blank\">点击进入</a>\n</p>\n<p>\n	<strong>《刺客信条：起源》降价40%仅售148元：（历史新低）</strong>\n</p>\n<p>\n	除本体外，《刺客信条：起源》数字豪华版降价45%仅售158元，黄金版则降价45%仅售202元。\n</p>\n<p>\n	该游戏有6个DLC，分别进行了33%-34%不同程度的降价促销，其中“季票”DLC降价33%仅售112元。\n</p>\n<p>\n	《刺客信条：起源》Steam商城促销地址：<a class=\"n1\" href=\"http://store.steampowered.com/app/582160/Assassins_Creed_Origins/\" target=\"_blank\">点击进入</a>\n</p>\n<p>\n	<strong>《刺客信条：枭雄》降价60%仅售67元：（持平史低）</strong>\n</p>\n<p>\n	除本体外，该游戏黄金版同样降价60%仅售115元。\n</p>\n<p>\n	该游戏有9个DLC，其中2个免费，其余7个DLC分别进行了60%-62%不通程度的降价促销。\n</p>\n<p>\n	《刺客信条：枭雄》Steam商城促销地址：<a class=\"n1\" href=\"http://store.steampowered.com/app/368500/Assassins_Creed_Syndicate/\" target=\"_blank\">点击进入</a>\n</p>\n<p>\n	<strong>《刺客信条：叛变》降价67%仅售29元：（持平史低）</strong>\n</p>\n<p>\n	除本体外，《刺客信条：叛变》数字豪华版降价66%仅售43元。\n</p>\n<p>\n	该游戏有5个DLC，分别进行了40%-69%不同程度的降价促销。\n</p>\n<p>\n	《刺客信条：叛变》Steam商城促销地址：<a class=\"n1\" href=\"http://store.steampowered.com/app/311560/Assassins_Creed_Rogue/\" target=\"_blank\">点击进入</a>\n</p>\n<p>\n	<strong>《刺客信条：大革命》降价66%仅售43元：（持平史低）</strong>\n</p>\n<p>\n	该游戏有2个DLC，分别降价67%仅售4元以及降价69%仅售9元。\n</p>\n<p>\n	《刺客信条：大革命》Steam商城促销地址：<a class=\"n1\" href=\"http://store.steampowered.com/app/289650/Assassins_Creed_Unity/\" target=\"_blank\">点击进入</a>\n</p>\n<p>\n	<strong>促销内容（二）：</strong>\n</p>\n<p>\n	<strong>《刺客信条4：黑旗》降价67%仅售29元：（持平史低）</strong>\n</p>\n<p>\n	除本体外，《刺客信条4：黑旗》数字豪华版降价66%仅售43元。季票降价67%仅售29元，《刺客信条：解放》降价67%仅售29元。\n</p>\n<p>\n	该游戏有10个DLC，分别进行了40%-69%不同程度的降价促销。\n</p>\n<p>\n	《刺客信条4：黑旗》Steam商城促销地址：<a class=\"n1\" href=\"http://store.steampowered.com/app/242050/Assassins_Creed_IV_Black_Flag/\" target=\"_blank\">点击进入</a>\n</p>\n<p>\n	<strong>《刺客信条4：自由呐喊》降价66%仅售23元：（持平史低）</strong>\n</p>\n<p>\n	该游戏只有一个本体，无任何合集包及DLC。\n</p>\n<p>\n	《刺客信条4：自由呐喊》Steam商城促销地址：<a class=\"n1\" href=\"http://store.steampowered.com/app/277590/Assassins_Creed_Freedom_Cry/\" target=\"_blank\">点击进入</a>\n</p>\n<p>\n	<strong>《刺客信条：解放HD》降价67%仅售29元：（持平史低）</strong>\n</p>\n<p>\n	该游戏有一个DLC，目前原价8元销售。\n</p>\n<p>\n	《刺客信条：解放HD》Steam商城促销地址：<a class=\"n1\" href=\"http://store.steampowered.com/app/260210/Assassins_Creed_Liberation_HD/\" target=\"_blank\">点击进入</a>\n</p>\n<p>\n	<strong>《刺客信条3》降价67%仅售29元：（持平史低）</strong>\n</p>\n<p>\n	除本体外，《刺客信条3》数字豪华版降价66%仅售57元。\n</p>\n<p>\n	该游戏有6个DLC，其中一个原价42元销售，剩余5个DLC分别进行了66%-70%不同程度的降价促销。\n</p>\n<p>\n	《刺客信条3》Steam商城促销地址：<a class=\"n1\" href=\"http://store.steampowered.com/app/208480/Assassins_Creed_III/\" target=\"_blank\">点击进入</a>\n</p>\n<p>\n	<strong>《刺客信条：启示录》降价66%仅售23元：（持平史低）</strong>\n</p>\n<p>\n	除本体外，《刺客信条：启示录》黄金版降价67%仅售29元。\n</p>\n<p>\n	该游戏有3个DLC，均进行了降价67%促销，分别售价16、4以及16元。\n</p>\n<p>\n	《刺客信条：启示录》Steam商城促销地址：<a class=\"n1\" href=\"http://store.steampowered.com/app/201870/Assassins_Creed_Revelations/\" target=\"_blank\">点击进入</a>\n</p>\n<p>\n	<strong>《刺客信条2》数字豪华版降价67%仅售16元：（持平史低）</strong>\n</p>\n<p>\n	该游戏只有一个本体，无任何合集包及DLC。\n</p>\n<p>\n	《刺客信条2》数字豪华版Steam商城促销地址：<a class=\"n1\" href=\"http://store.steampowered.com/app/33230/Assassins_Creed_2_Deluxe_Edition/\" target=\"_blank\">点击进入</a>\n</p>\n<p>\n	<strong>《刺客的信条》导演剪辑版降价67%仅售16元：（持平史低）</strong>\n</p>\n<p>\n	该游戏只有一个本体，无任何合集包及DLC。\n</p>\n<p>\n	《刺客的信条》导演剪辑版Steam商城促销地址：<a class=\"n1\" href=\"http://store.steampowered.com/app/15100/Assassins_Creed_Directors_Cut_Edition/\" target=\"_blank\">点击进入</a>\n</p>\n<p>\n	<strong>《刺客信条：编年史》系列：</strong>\n</p>\n<p>\n	<strong>《刺客信条：编年史》三部曲降价67%仅售36元：</strong>\n</p>\n<p>\n	<strong><img class=\"lazy\" title=\"《刺客信条》系列Steam特惠：起源降价40%跌破史低\" src=\"https://img.ithome.com/newsuploadfiles/2018/5/20180525122410_6039.jpg\" width=\"550\" height=\"306\" /></strong>\n</p>\n<p>\n	该《刺客信条：编年史》三部曲含《刺客信条编年史：中国》、《刺客信条编年史：俄罗斯》以及《刺客信条编年史：印度》三款游戏（这三款游戏均没有任何DLC）。\n</p>\n<p>\n	《刺客信条：编年史》三部曲Steam商城促销地址：<a class=\"n1\" href=\"https://store.steampowered.com/sub/93325/\" target=\"_blank\">点击进入</a>\n</p>\n<p>\n	<strong>《刺客信条编年史：中国》降价67%仅售16元：（持平史低）</strong>\n</p>\n<p>\n	该游戏只有一个本体，无任何合集包及DLC。\n</p>\n<p>\n	《刺客信条编年史：中国》Steam商城促销地址：<a class=\"n1\" href=\"http://store.steampowered.com/app/354380/Assassins_Creed_Chronicles_China/\" target=\"_blank\">点击进入</a>\n</p>\n<p>\n	<strong>《刺客信条编年史：俄罗斯》降价67%仅售16元：（持平史低）</strong>\n</p>\n<p>\n	该游戏只有一个本体，无任何合集包及DLC。\n</p>\n<p>\n	《刺客信条编年史：俄罗斯》Steam商城促销地址：<a class=\"n1\" href=\"https://store.steampowered.com/app/359600/Assassins_Creed_Chronicles_Russia/\" target=\"_blank\">点击进入</a>\n</p>\n<p>\n	<strong>《刺客信条编年史：印度》降价67%仅售16元：（持平史低）</strong>\n</p>\n<p>\n	该游戏只有一个本体，无任何合集包及DLC。\n</p>','2018-05-25 15:46:49'),(17,14,1,24,'asdasd','2018-05-25 16:06:09'),(18,15,1,25,'看我昵称<img src=\"http://localhost:8080/js/plugins/emoticons/images/0.gif\" border=\"0\" alt=\"\" />','2018-05-25 16:16:11'),(23,15,2,8,'<h1>\n	就很6\n</h1>','2018-05-25 16:34:21'),(24,1,3,1,'傻逼','2018-05-25 16:57:45'),(25,1,4,1,'&lt;h1&gt;','2018-05-25 16:57:59'),(26,1,5,1,'\\\\','2018-05-25 16:58:09'),(27,1,6,1,'&lt;h1&gt;&lt;h1&gt;','2018-05-25 16:58:24'),(28,15,3,1,'<h2>\n	测试\n</h2>','2018-05-25 18:15:36'),(29,15,4,1,'<h1>\n	测试2\n</h1>','2018-05-26 16:44:04'),(30,15,5,1,'测试2','2018-05-26 17:03:28'),(31,15,6,1,'<h1>\n	字体大小\n</h1>\n<p>\n	<h2>\n		字体大小\n	</h2>\n	<p>\n		<h3>\n			字体大小\n		</h3>\n	</p>\n</p>','2018-05-26 17:03:48'),(32,16,1,1,'<p>\n	<a class=\"s_tag\" href=\"https://www.ithome.com/\" target=\"_blank\">IT之家</a><span style=\"background-color:#FFFFFF;color:#424242;font-family:&quot;Microsoft Yahei&quot;, &quot;PingFang SC&quot;, &quot;HanHei SC&quot;, Arial;font-size:1pc;\">5月25日消息&nbsp;今天，有用户反馈称，在支付宝打开淘宝App时，会自动跳转到另一个App。对此，支付宝方面回应称，他们和淘宝技术团队排查后发现，该App使用了跟淘宝同样的URL Scheme（类似于网址），这会干扰苹果手机iOS系统的判断，出现跳转错误的情况。</span> \n</p>\n<p style=\"color:#424242;font-size:1pc;font-family:&quot;Microsoft Yahei&quot;, &quot;PingFang SC&quot;, &quot;HanHei SC&quot;, Arial;text-align:justify;background-color:#FFFFFF;\">\n	<img src=\"https://img.ithome.com/newsuploadfiles/2018/5/20180525_212429_146.jpg@wm_1,k_aW1nL3FkLnBuZw==,y_20,o_100,x_20,g_7\" class=\"lazy\" title=\"支付宝内打开淘宝跳转其他App？官方回应：采用了同样URL Scheme\" width=\"600\" height=\"370\" /> \n</p>\n<p style=\"color:#424242;font-size:1pc;font-family:&quot;Microsoft Yahei&quot;, &quot;PingFang SC&quot;, &quot;HanHei SC&quot;, Arial;text-align:justify;background-color:#FFFFFF;\">\n	支付宝方面同时表示，目前他们和淘宝的技术团队已经在紧急与相应App进行沟通。同时，针对在苹果iOS系统中，不同App可以设置同一个URL Scheme的问题。支付宝方面表示也已经联系了苹果团队进行反馈，希望能够共同推动此类问题的解决。\n</p>\n<p style=\"color:#424242;font-size:1pc;font-family:&quot;Microsoft Yahei&quot;, &quot;PingFang SC&quot;, &quot;HanHei SC&quot;, Arial;text-align:justify;background-color:#FFFFFF;\">\n	支付宝方面介绍，只有在安装了该App的苹果iOS手机上才有可能出现跳转错误。如果出现了跳转错误的情况，关闭错误打开的该App并且卸载，就可以正常跳转淘宝。\n</p>\n<p style=\"color:#424242;font-size:1pc;font-family:&quot;Microsoft Yahei&quot;, &quot;PingFang SC&quot;, &quot;HanHei SC&quot;, Arial;text-align:justify;background-color:#FFFFFF;\">\n	<span style=\"font-weight:700;\">回应全文如下：</span> \n</p>\n<p style=\"color:#424242;font-size:1pc;font-family:&quot;Microsoft Yahei&quot;, &quot;PingFang SC&quot;, &quot;HanHei SC&quot;, Arial;text-align:justify;background-color:#FFFFFF;\">\n	<img src=\"https://img.ithome.com/newsuploadfiles/2018/5/20180525_212256_689.jpg@wm_1,k_aW1nL3FkLnBuZw==,y_20,o_100,x_20,g_7\" class=\"lazy\" title=\"支付宝内打开淘宝跳转其他App？官方回应：采用了同样URL Scheme\" width=\"600\" height=\"1082\" /> \n</p>\n<p>\n	<br />\n</p>','2018-05-26 17:13:00'),(33,16,2,1,'<span style=\"color:#E53333;\">测试</span>','2018-05-26 17:21:37'),(34,16,3,1,'回复：<br />\n<span style=\"color:#CCCCCC;\"> <span style=\"color:#E53333;\">测试</span> </span> \n<p>\n	123\n</p>','2018-05-26 17:23:08'),(35,16,4,1,'回复2楼：<br />\n<h1 style=\"color:#999999;\">\n	“\n</h1>\n<span style=\"color:#E53333;\">测试</span> \n<h1 style=\"color:#999999;\">\n	”\n</h1>\n<p>\n	测试回复功能\n</p>','2018-05-26 17:30:19'),(36,16,5,8,'<span>5楼</span>','2018-05-26 22:51:28'),(37,16,6,8,'<span>6楼</span>','2018-05-26 22:51:32'),(38,16,7,8,'<span>7楼</span>','2018-05-26 22:51:37'),(39,16,8,8,'<span>8楼</span>','2018-05-26 22:51:41'),(40,16,9,8,'9楼','2018-05-26 22:51:49'),(41,16,10,8,'10楼','2018-05-26 22:51:54'),(42,16,11,8,'11楼','2018-05-26 22:51:58'),(43,16,12,1,'12楼','2018-05-26 23:24:03'),(44,16,13,1,'13楼','2018-05-26 23:24:29'),(46,15,7,1,'<img src=\"/temp/image/20180527/20180527164533_303.png\" alt=\"\" width=\"100\" height=\"100\" title=\"\" align=\"\" />测试图片上传','2018-05-27 16:46:02'),(47,17,1,25,'今天好困哦，不想起床。','2018-05-28 08:36:21'),(48,18,1,25,'<span style=\"background-color:#FF9900;\">中午有啥好</span><span style=\"background-color:#FF9900;\">吃的呢？</span><span style=\"color:#E56600;background-color:#FF9900;\"></span><span style=\"background-color:#FF9900;\">谁来推荐一下<img alt=\"\" src=\"http://192.168.21.108:8080/js/plugins/emoticons/images/5.gif\" border=\"0\" /></span>','2018-05-28 08:38:12'),(49,19,1,25,'东哥666','2018-05-28 08:38:57'),(50,17,2,27,'是啊，是啊！！！','2018-05-28 08:42:38'),(51,20,1,1,'<p style=\"color:#424242;font-size:1pc;font-family:&quot;Microsoft Yahei&quot;, &quot;PingFang SC&quot;, &quot;HanHei SC&quot;, Arial;text-align:justify;background-color:#FFFFFF;\">\n	6月13日到6月15日，亚洲消费电子展CES Asia 2018将在上海新国际博览中心举办。\n</p>\n<p style=\"color:#424242;font-size:1pc;font-family:&quot;Microsoft Yahei&quot;, &quot;PingFang SC&quot;, &quot;HanHei SC&quot;, Arial;text-align:justify;background-color:#FFFFFF;\">\n	<img src=\"https://img.ithome.com/newsuploadfiles/2018/5/20180528_063816_981.jpeg\" class=\"lazy\" title=\"汽车技术、人工智能和5G唱主角：CES Asia 2018将于6月开展\" width=\"600\" height=\"375\" />\n</p>\n<p style=\"color:#424242;font-size:1pc;font-family:&quot;Microsoft Yahei&quot;, &quot;PingFang SC&quot;, &quot;HanHei SC&quot;, Arial;text-align:justify;background-color:#FFFFFF;\">\n	这次有来自80多个国家的500多家企业参展CES Asia 2018，当中初创企业的数量也比去年同期有所上涨。本次，共合计有100多家初创企业参展，比去年大概增长了33%左右。其中，我国的初创企业参展商数量大约在40多家左右。\n</p>\n<p style=\"color:#424242;font-size:1pc;font-family:&quot;Microsoft Yahei&quot;, &quot;PingFang SC&quot;, &quot;HanHei SC&quot;, Arial;text-align:justify;background-color:#FFFFFF;\">\n	展览内容方面，CES Asia 2018展出的都是以消费电子类领域的产品、技术为主。\n</p>\n<p style=\"color:#424242;font-size:1pc;font-family:&quot;Microsoft Yahei&quot;, &quot;PingFang SC&quot;, &quot;HanHei SC&quot;, Arial;text-align:justify;background-color:#FFFFFF;\">\n	<img src=\"https://img.ithome.com/newsuploadfiles/2018/5/20180528_063817_160.jpg\" class=\"lazy\" title=\"汽车技术、人工智能和5G唱主角：CES Asia 2018将于6月开展\" width=\"600\" height=\"400\" />\n</p>\n<p style=\"color:#424242;font-size:1pc;font-family:&quot;Microsoft Yahei&quot;, &quot;PingFang SC&quot;, &quot;HanHei SC&quot;, Arial;text-align:justify;background-color:#FFFFFF;\">\n	当中包括3D打印、健康产品、健身及运动、家庭娱乐、音频技术、物联网、生活科技、无人机、可穿戴、电子游戏等技术和产品等领域，一些平时很熟悉的品牌如索尼、LG、联想、JBL、三星、华为等品牌也都会出现在CES Asia 2018上出现。\n</p>\n<p style=\"color:#424242;font-size:1pc;font-family:&quot;Microsoft Yahei&quot;, &quot;PingFang SC&quot;, &quot;HanHei SC&quot;, Arial;text-align:justify;background-color:#FFFFFF;\">\n	相比之前，今年的CES Asia的展示内容会更加集中，重点内容也主要放在AR VR、无人驾驶系统、智能家居、5G、AI以及车联网等相关技术。据相关报道指出，百度的Duer OS、阿里巴巴人工智能实验室，以及科大讯飞也都会在CES Asia 2018上设立专门的人工智能展区。\n</p>\n<p style=\"color:#424242;font-size:1pc;font-family:&quot;Microsoft Yahei&quot;, &quot;PingFang SC&quot;, &quot;HanHei SC&quot;, Arial;text-align:justify;background-color:#FFFFFF;\">\n	<img src=\"https://img.ithome.com/newsuploadfiles/2018/5/20180528_063817_631.jpg\" class=\"lazy\" title=\"汽车技术、人工智能和5G唱主角：CES Asia 2018将于6月开展\" width=\"600\" height=\"375\" />\n</p>\n<p style=\"color:#424242;font-size:1pc;font-family:&quot;Microsoft Yahei&quot;, &quot;PingFang SC&quot;, &quot;HanHei SC&quot;, Arial;text-align:justify;background-color:#FFFFFF;\">\n	跟着之前的造车热潮，汽车技术也是本次CES Asia 2018的重点内容。\n</p>\n<p style=\"color:#424242;font-size:1pc;font-family:&quot;Microsoft Yahei&quot;, &quot;PingFang SC&quot;, &quot;HanHei SC&quot;, Arial;text-align:justify;background-color:#FFFFFF;\">\n	本次展会，集中在车联网、智慧城市和自动驾驶、无人驾驶上。当中，阿里巴巴将会在本届CES Asia 2018上发布智慧城市研究的相关成果，下一代的自动驾驶系统和电动汽车技术也会在展会上出现。\n</p>\n<p style=\"color:#424242;font-size:1pc;font-family:&quot;Microsoft Yahei&quot;, &quot;PingFang SC&quot;, &quot;HanHei SC&quot;, Arial;text-align:justify;background-color:#FFFFFF;\">\n	<img src=\"https://img.ithome.com/newsuploadfiles/2018/5/20180528_063817_805.jpg\" class=\"lazy\" title=\"汽车技术、人工智能和5G唱主角：CES Asia 2018将于6月开展\" width=\"600\" height=\"375\" />\n</p>\n<p style=\"color:#424242;font-size:1pc;font-family:&quot;Microsoft Yahei&quot;, &quot;PingFang SC&quot;, &quot;HanHei SC&quot;, Arial;text-align:justify;background-color:#FFFFFF;\">\n	此外，AR、VR以及新推出的智能穿戴设备，还有最近比较火的AI智能音箱，CES Asia上也会有这些产品。\n</p>\n<p style=\"color:#424242;font-size:1pc;font-family:&quot;Microsoft Yahei&quot;, &quot;PingFang SC&quot;, &quot;HanHei SC&quot;, Arial;text-align:justify;background-color:#FFFFFF;\">\n	<img src=\"https://img.ithome.com/newsuploadfiles/2018/5/20180528_063817_967.jpg\" class=\"lazy\" title=\"汽车技术、人工智能和5G唱主角：CES Asia 2018将于6月开展\" width=\"600\" height=\"375\" />\n</p>\n<p style=\"color:#424242;font-size:1pc;font-family:&quot;Microsoft Yahei&quot;, &quot;PingFang SC&quot;, &quot;HanHei SC&quot;, Arial;text-align:justify;background-color:#FFFFFF;\">\n	现场不仅仅会有简单的产品演示，同时也会有相应的体验区域，供观展的人去尝试，看看目前的产品表现到底能到达哪个程度。\n</p>\n<p style=\"color:#424242;font-size:1pc;font-family:&quot;Microsoft Yahei&quot;, &quot;PingFang SC&quot;, &quot;HanHei SC&quot;, Arial;text-align:justify;background-color:#FFFFFF;\">\n	<img src=\"https://img.ithome.com/newsuploadfiles/2018/5/20180528_063818_103.jpg\" class=\"lazy\" title=\"汽车技术、人工智能和5G唱主角：CES Asia 2018将于6月开展\" width=\"600\" height=\"400\" />\n</p>\n<p style=\"color:#424242;font-size:1pc;font-family:&quot;Microsoft Yahei&quot;, &quot;PingFang SC&quot;, &quot;HanHei SC&quot;, Arial;text-align:justify;background-color:#FFFFFF;\">\n	除了以上提到的，CES Asia还会有常规的消费类电子产品展出，如搭载最新显示技术的电视、音频设备、手机等，这些都将会和今年的CES 2018一样，具备相当的吸引力。或者我们可以再期待一下，看看今年的CES Asia 2018会为观众带来一个怎样的技术未来。\n</p>','2018-05-28 08:45:25'),(52,21,1,1,'<p style=\"color:#424242;font-size:1pc;font-family:&quot;Microsoft Yahei&quot;, &quot;PingFang SC&quot;, &quot;HanHei SC&quot;, Arial;text-align:justify;background-color:#FFFFFF;\">\n	比特币黄金（Bitcoin Gold）的开发团队近期公布了上周遭遇攻击的详情。当时，攻击者通过“双重支出攻击”，从加密货币交易所中窃取了资金。\n</p>\n<p style=\"color:#424242;font-size:1pc;font-family:&quot;Microsoft Yahei&quot;, &quot;PingFang SC&quot;, &quot;HanHei SC&quot;, Arial;text-align:justify;background-color:#FFFFFF;\">\n	比特币黄金的开发团队确认，攻击者获得了网络算力的大部分控制权，利用这些算力重组了比特币黄金的区块链，并进行反向交易。\n</p>\n<p style=\"color:#424242;font-size:1pc;font-family:&quot;Microsoft Yahei&quot;, &quot;PingFang SC&quot;, &quot;HanHei SC&quot;, Arial;text-align:justify;background-color:#FFFFFF;\">\n	<img src=\"https://n.sinaimg.cn/tech/transform/250/w630h420/20180528/jg-z-hcaquev2439470.jpg\" class=\"lazy\" title=\"比特币黄金遭黑客攻击：可能损失1800万美元\" />\n</p>\n<p style=\"color:#424242;font-size:1pc;font-family:&quot;Microsoft Yahei&quot;, &quot;PingFang SC&quot;, &quot;HanHei SC&quot;, Arial;text-align:justify;background-color:#FFFFFF;\">\n	在这起事件中，攻击者向加密货币交易所存入资金，将其交易为比特币或其他加密货币，随后再提取资金。随后，攻击者使用获得的绝大部分算力，迫使网络的其他部分接受伪造的数据块，修改最初的存入资金，导致这些资金从交易所控制的钱包中消失。\n</p>\n<p style=\"color:#424242;font-size:1pc;font-family:&quot;Microsoft Yahei&quot;, &quot;PingFang SC&quot;, &quot;HanHei SC&quot;, Arial;text-align:justify;background-color:#FFFFFF;\">\n	根据此前的报道，与攻击者关联的地址在一系列“双重支出行为”的交易中向自己发送了超过38万个比特币黄金。目前尚不清楚，这些交易中有多少造成了资金被盗。从理论上来说，如果所有交易都造成资金被盗，那么攻击者可以从中获利1800万美元。\n</p>\n<p style=\"color:#424242;font-size:1pc;font-family:&quot;Microsoft Yahei&quot;, &quot;PingFang SC&quot;, &quot;HanHei SC&quot;, Arial;text-align:justify;background-color:#FFFFFF;\">\n	项目的开发者表示，此次攻击部分是因为，比特币黄金的挖矿算法“Equihash”也被其他加密货币所使用，导致可用算力池要比比特币黄金网络中的算力更大。\n</p>\n<p style=\"color:#424242;font-size:1pc;font-family:&quot;Microsoft Yahei&quot;, &quot;PingFang SC&quot;, &quot;HanHei SC&quot;, Arial;text-align:justify;background-color:#FFFFFF;\">\n	比特币黄金已经计划迁移至新算法。此前，挖矿硬件厂商比特大陆宣布，首款Equihash AISC矿机已经开始接受预订。开发者表示，迁移至新算法能大幅提升网络的安全性。\n</p>','2018-05-28 08:46:15'),(53,22,1,1,'<p style=\"color:#424242;font-size:1pc;font-family:&quot;Microsoft Yahei&quot;, &quot;PingFang SC&quot;, &quot;HanHei SC&quot;, Arial;text-align:justify;background-color:#FFFFFF;\">\n	<a class=\"s_tag\" href=\"https://www.ithome.com/\" target=\"_blank\">IT之家</a>5月28日消息 根据外媒报道，苹果贵州数据中心已经在本月25日举行了奠基仪式，预计将会在2020年完工。\n</p>\n<p style=\"color:#424242;font-size:1pc;font-family:&quot;Microsoft Yahei&quot;, &quot;PingFang SC&quot;, &quot;HanHei SC&quot;, Arial;text-align:justify;background-color:#FFFFFF;\">\n	据悉，2月28日的时候，中国内地的iCloud服务将转由云上贵州公司负责运营，服务器转入内地后，用户可获得更好的访问速度。此外，云上贵州还将拥有与iCloud中国内地用户的法律和财务关系。因此在建成之后，国内架设服务器将会大幅度降低成本，iCloud收费或将降低。\n</p>\n<p style=\"color:#424242;font-size:1pc;font-family:&quot;Microsoft Yahei&quot;, &quot;PingFang SC&quot;, &quot;HanHei SC&quot;, Arial;text-align:justify;background-color:#FFFFFF;\">\n	<img src=\"https://img.ithome.com/newsuploadfiles/2018/5/20180528_075451_77.jpg\" class=\"lazy\" title=\"苹果贵州数据中心已奠基：iCloud收费或降低\" width=\"439\" height=\"275\" />\n</p>\n<p style=\"color:#424242;font-size:1pc;font-family:&quot;Microsoft Yahei&quot;, &quot;PingFang SC&quot;, &quot;HanHei SC&quot;, Arial;text-align:justify;background-color:#FFFFFF;\">\n	2月28日凌晨起不少用户发现，其iCloud数据已经正式由云上贵州接管，在iPhone的iCloud当中出现了一个显著提示：iCloud由云上贵州运营。\n</p>\n<p style=\"color:#424242;font-size:1pc;font-family:&quot;Microsoft Yahei&quot;, &quot;PingFang SC&quot;, &quot;HanHei SC&quot;, Arial;text-align:justify;background-color:#FFFFFF;\">\n	用户发现，在使用云上贵州的云服务后，iCloud在访问以及传输速度上有了很大的提高，符合苹果之前的承诺。\n</p>\n<p style=\"color:#424242;font-size:1pc;font-family:&quot;Microsoft Yahei&quot;, &quot;PingFang SC&quot;, &quot;HanHei SC&quot;, Arial;text-align:justify;background-color:#FFFFFF;\">\n	苹果也给予用户选择权，用户可以不使用iCloud或者转区。\n</p>','2018-05-28 09:00:11'),(54,23,1,28,'<h1>\n	啊<img src=\"/temp/image/20180528/20180528090745_260.png\" alt=\"\" width=\"100\" height=\"100\" title=\"\" align=\"\" />\n</h1>','2018-05-28 09:08:01'),(55,24,1,1,'ces','2018-05-28 09:37:06');

/*Table structure for table `post` */

DROP TABLE IF EXISTS `post`;

CREATE TABLE `post` (
  `pid` int(11) NOT NULL AUTO_INCREMENT COMMENT '帖子id',
  `sid` int(11) NOT NULL COMMENT '板块id',
  `tid` int(11) NOT NULL COMMENT '主题id',
  `ptitle` varchar(50) NOT NULL COMMENT '标题',
  `uid` int(11) NOT NULL COMMENT '作者',
  `pcreatetime` varchar(30) NOT NULL COMMENT '发帖时间',
  `isstick` int(11) NOT NULL DEFAULT '0' COMMENT '1置顶 0不置顶',
  PRIMARY KEY (`pid`)
) ENGINE=InnoDB AUTO_INCREMENT=25 DEFAULT CHARSET=utf8;

/*Data for the table `post` */

insert  into `post`(`pid`,`sid`,`tid`,`ptitle`,`uid`,`pcreatetime`,`isstick`) values (1,1,1,'4步学会心肺复苏，关键时刻能救命',1,'2016-11-11',1),(2,1,2,'这些名言竟然还有下半句？！',3,'2011-11-1',0),(3,1,3,'后来的我们，记得一起去旅行',4,'2017-11-18',0),(4,2,4,'每一口都是满足！蛤蜊牛肉滑蛋煲',5,'2015-11-2',0),(5,2,5,'儿时让人怀念的谜之味美——黄桃罐头',6,'2016-1-1',0),(6,3,6,'国企股票跌破净资产算不算国有资产流失？',1,'2015-1-1',0),(7,3,7,'知名证券节目主持人廖英强操纵股票 ，被证监会罚没1.29亿元',2,'2016-8-8',0),(8,4,8,'微信里的文章有些写的还不错',3,'2016-9-9',0),(9,4,9,'《逝水人生——徐志摩传》读后感 ',4,'2018-8-8',0),(11,1,1,'我来测试了！！！',1,'2018-05-25 10:13:54',0),(12,2,4,'测试',1,'2018-05-25 10:20:35',0),(13,1,3,'《刺客信条》系列Steam特惠：起源降价40%跌破史低',1,'2018-05-25 15:46:49',0),(14,1,2,'hello ',24,'2018-05-25 16:06:09',0),(15,1,1,'看我昵称',25,'2018-05-25 16:16:11',0),(16,1,10,'支付宝内打开淘宝跳转其他App？官方回应：采用了同样URL Scheme',1,'2018-05-26 17:13:00',0),(17,1,1,'今天真是太困了',25,'2018-05-28 08:36:21',0),(18,1,2,'中午想吃啥',25,'2018-05-28 08:38:12',0),(19,1,2,'我东哥真的6',25,'2018-05-28 08:38:57',0),(20,5,11,'汽车技术、人工智能和5G唱主角：CES Asia 2018将于6月开展',1,'2018-05-28 08:45:25',0),(21,5,11,'比特币黄金遭黑客攻击：可能损失1800万美元',1,'2018-05-28 08:46:15',0),(22,5,11,'苹果贵州数据中心已奠基：iCloud收费或降低',1,'2018-05-28 09:00:11',0),(23,1,2,'测试',28,'2018-05-28 09:08:01',0),(24,1,1,'ces ',1,'2018-05-28 09:37:06',0);

/*Table structure for table `section` */

DROP TABLE IF EXISTS `section`;

CREATE TABLE `section` (
  `sid` int(11) NOT NULL AUTO_INCREMENT,
  `sname` varchar(20) NOT NULL,
  PRIMARY KEY (`sid`)
) ENGINE=InnoDB AUTO_INCREMENT=8 DEFAULT CHARSET=utf8;

/*Data for the table `section` */

insert  into `section`(`sid`,`sname`) values (1,'生活'),(2,'美食'),(3,'股票投资'),(4,'阅读'),(5,'新闻'),(6,'游戏'),(7,'测试');

/*Table structure for table `topic` */

DROP TABLE IF EXISTS `topic`;

CREATE TABLE `topic` (
  `tid` int(11) NOT NULL AUTO_INCREMENT,
  `sid` int(11) NOT NULL,
  `tname` varchar(20) NOT NULL,
  PRIMARY KEY (`tid`)
) ENGINE=InnoDB AUTO_INCREMENT=12 DEFAULT CHARSET=utf8;

/*Data for the table `topic` */

insert  into `topic`(`tid`,`sid`,`tname`) values (1,1,'上班一族'),(2,1,'其他'),(3,1,'时尚生活'),(4,2,'私家厨房'),(5,2,'美食杂谈'),(6,3,'股市行情'),(7,3,'投资方向'),(8,4,'转贴'),(9,4,'读后感'),(10,1,'测试'),(11,5,'IT');

/*Table structure for table `user` */

DROP TABLE IF EXISTS `user`;

CREATE TABLE `user` (
  `uid` int(11) NOT NULL AUTO_INCREMENT,
  `username` varchar(20) NOT NULL,
  `nickname` varchar(20) NOT NULL,
  `password` varchar(20) NOT NULL,
  `email` varchar(30) DEFAULT NULL,
  `emailcheck` int(11) NOT NULL DEFAULT '0' COMMENT '0为未验证 1为已验证',
  `permission` int(11) NOT NULL DEFAULT '0' COMMENT '0为用户 99为管理员 其他为对应的板块版主',
  `avatar` varchar(30) DEFAULT 'defaultavatar.png' COMMENT '头像',
  `gender` varchar(2) DEFAULT NULL,
  `birthday` varchar(30) DEFAULT NULL,
  `address` varchar(30) DEFAULT NULL,
  `score` int(11) NOT NULL DEFAULT '0' COMMENT '积分',
  PRIMARY KEY (`uid`,`nickname`)
) ENGINE=InnoDB AUTO_INCREMENT=29 DEFAULT CHARSET=utf8;

/*Data for the table `user` */

insert  into `user`(`uid`,`username`,`nickname`,`password`,`email`,`emailcheck`,`permission`,`avatar`,`gender`,`birthday`,`address`,`score`) values (1,'yzd','yzd','123456','315695355@qq.com',0,99,'tx.jpg','男','1997-07-04','慈溪',0),(2,'hy','杨哥','19970210','923199759@qq.com',0,0,'00.png','男','1990-2-21','杭州',0),(3,'test','测试','123456','',0,0,'defaultavatar.png',NULL,NULL,NULL,0),(4,'csx','chenchen','11111','11111',0,0,'defaultavatar.png',NULL,NULL,NULL,0),(5,'ccc','112','111111','111111',0,0,'defaultavatar.png',NULL,NULL,NULL,0),(6,'ssss','11111','222222','113313',0,0,'defaultavatar.png',NULL,NULL,NULL,0),(8,'test2','测试','1234566',NULL,0,0,'20180527025438.png',NULL,NULL,NULL,0),(21,'test2','测试','1234567',NULL,0,0,'defaultavatar.png',NULL,NULL,NULL,0),(22,'test','测试','1234567',NULL,0,0,'defaultavatar.png',NULL,NULL,NULL,0),(23,'yzd2','yzd测试','1234567',NULL,0,0,'defaultavatar.png',NULL,NULL,NULL,0),(24,'zmy666','zmy','123456789',NULL,0,0,'defaultavatar.png',NULL,NULL,NULL,0),(25,'chen','陈','csx133366','',0,0,'defaultavatar.png',NULL,NULL,NULL,0),(26,'cvv','cvv','123456.','',0,0,'4.jpg',NULL,NULL,NULL,0),(27,'hh','hh','h123456',NULL,0,0,'defaultavatar.png',NULL,NULL,NULL,0),(28,'test3','测试','1234567','315695355@qq.com',1,0,'20180528090659.png',NULL,NULL,NULL,0);

/*!40101 SET SQL_MODE=@OLD_SQL_MODE */;
/*!40014 SET FOREIGN_KEY_CHECKS=@OLD_FOREIGN_KEY_CHECKS */;
/*!40014 SET UNIQUE_CHECKS=@OLD_UNIQUE_CHECKS */;
/*!40111 SET SQL_NOTES=@OLD_SQL_NOTES */;
